[{"model": "auth.user", "pk": 16, "fields": {"password": "pbkdf2_sha256$260000$0GfhwwirI3F2LtshT2MMpC$qQHfN3Sws1ubh57g4zNjQNE+nPdzOQB8rETilcLnfdA=", "last_login": "2021-08-27T16:35:51.978Z", "is_superuser": true, "username": "Thomas", "first_name": "", "last_name": "", "email": "thoom12@hotmail.com", "is_staff": true, "is_active": true, "date_joined": "2021-08-27T15:41:37.055Z", "groups": [], "user_permissions": []}}, {"model": "sessions.session", "pk": "0qc83fthcnnetq65zwxrhsmehrgfjion", "fields": {"session_data": "eyJiYWciOnsiMTc1IjoxfX0:1mIdqz:yyL9N3uEQkMR102XK5vzd9Hiq0hTyCv803sF-RPAlPQ", "expire_date": "2021-09-07T21:21:05.288Z"}}, {"model": "sessions.session", "pk": "2h0gff9gu50pmwmonsw59trdjed6edn3", "fields": {"session_data": ".eJxVjMEOwiAQRP-FsyFQ2i149O43kKW7WNSAKW2iMf67bdKDXiaZeTPzFh6XefRL5cknEkehlTj8hgGHG-eN0BXzpcih5HlKQW4VudMqz4X4ftq7fwcj1nFdx6ExbWNtx8wEkaDr-6AcOFBGRTK4CgAhgnNgV4OaomlJ6aA0WrudVq41lez5-UjTSxzV5wu9Mj94:1mI5qy:RNJcXgrfAqayhQEVCs-Ur6-uvobP0haMx5cVSOMw_7E", "expire_date": "2021-09-06T09:02:48.977Z"}}, {"model": "sessions.session", "pk": "5uqbup2wlorlb24ch58vftajv0hkro5y", "fields": {"session_data": ".eJxVjcFugzAMhl8l8hlFAUoaetvuO-1YqsgkDoSyMOEirZr27gsSh-1iyd__-fc3WNweo92YVhs9XKBUUPyFPbo7pT3xE6ZhkW5JjzX2clfkkbJ8WzzNr4f7r2BEHvN1cFV9qoxpiMjr4HVzPveq1a1WtQq-xjy09oi6bbXJC5Y-1Cevyl6VaMxeysQcl2Tp6zOuT7iozD4yw4E4v7heO7B24mwctINCqEJUTSE6eN-cyzhs8_wUHIdEXsQkkMXLdp9IdnC7wc8vbPpahA:1mI5qy:H7dvsh9tw6iM7fVeZL9yaaEQI8RpckM0tpGwQiXBEqQ", "expire_date": "2021-09-06T09:02:48.377Z"}}, {"model": "sessions.session", "pk": "7a2rscmqxk57i3w370brnx34ohe2is4y", "fields": {"session_data": "eyJzYXZlX2luZm8iOmZhbHNlfQ:1mDkYk:MRmZTJoDNk20rnsvXyc01nk8nyfPdo8w4nvmbZtjM8A", "expire_date": "2021-08-25T09:30:02.467Z"}}, {"model": "sessions.session", "pk": "7qobsrvbkf054qu9hzqqwmxhxp3q4n8e", "fields": {"session_data": ".eJxVjcsOgjAQRf9l1oS0PNrK0r3f0LQzg1SxNRSMxvjvgjEmbs85ufcJDjEtcbY3nkIfmCxfXBihi8s4Fj-7ZJ6gA4YCbOacQ4qW79cwPaATK3PLPHwiG2jtZAN_0Ds8c9wMnVw8phJTnKfgyy0pvzaXh0Q87r_t38Dg8rD9a9OirLxXyhgkan1bC1I1cS3ljtloU6FSjUEhd6LqJWlsNAvdKC-RHLzeXLxQ3Q:1mISbq:7lshpARPYzRZE4mzN5V7LA3ux8dKTOLk8NcH2mfy7Mk", "expire_date": "2021-09-07T09:20:42.546Z"}}, {"model": "sessions.session", "pk": "8873irtvxnay4m9f9cf36ad1toymr5wb", "fields": {"session_data": ".eJxVjMsOwiAQRf-FddPQF4Uu3fsNZGAGi1YwpTUa479LTWPiZpJ7zp37YmBtXMOi7zR75wk1XcFPbAjrNBU_uyaa2cCAFUzDuoxfoD1mVvF_aMBeKGwGzxBOsbQxLLM35VYpd5vKY0SaDnv3b2CENOZvZ-umraXsiAiFQ9H1veFKKMEb7rCBfIRAAKGUkDlAha5pkVeGVyDlNpooJR-DpsfNz0828PcH5UlROA:1mH0Fq:Fk2_W_L-UyxConXHvXNr9w4rQvdkbnlKsUTOB5RHtOg", "expire_date": "2021-09-03T08:51:58.050Z"}}, {"model": "sessions.session", "pk": "8kkz0bharkkap0b381jkq4vd2zibwqg1", "fields": {"session_data": ".eJxVjEEOgjAQRe8ya9J0oLS1S_eeoWk7I1QNGAqJhnB3JWGh2__efyv4sMy9XwpPPhM4QAXV7xhDuvOwE7qFoRtFGod5ylHsijhoEZeR-HE-3L9AH0r_fbOxbcI6Rq2tTURtbBtJuiFuEE_M1tg6aa1skniS9RXJJGVYGqUjJgp7tHApeRw8v555eoOTFcTQgVsBjQWH2_YBudhDNA:1mJDtN:0cb9LrMCsL7vDYz6n5-BS7RV3tLHJXuKzJgtn3bvu0I", "expire_date": "2021-09-09T11:49:57.531Z"}}, {"model": "sessions.session", "pk": "df184rt9zt9knef52pz12qlh7agkcybn", "fields": {"session_data": "eyJiYWciOnsiMTc1IjoxfX0:1mHtPd:NjGILgyUK2AH6rIB6HRGM_1y-iUQXNVTwM2vfCvpuvs", "expire_date": "2021-09-05T19:45:45.908Z"}}, {"model": "sessions.session", "pk": "dws012ojss6v5ly8clczob18uscaro47", "fields": {"session_data": ".eJxVjMsOwiAURP-FtSE8BC4u3fsN5MIFqRqalHZl_Hdp0oXuJmfOzJsF3NYatp6XMBG7MCnZ6RdGTM_c9oYe2O4zT3NblynyXeFH2_ltpvy6Hu7fQcVex9qTcKSt0UlogSK7ggVGBDUQynIuiEY7APQeIliK2rlEKik0SijLPl_3WTea:1mIDNL:vty9o4NdSnWdlogU3Hg61zSjnhsnsPkT_f3Vim9BxZc", "expire_date": "2021-09-06T17:04:43.155Z"}}, {"model": "sessions.session", "pk": "dzftnlt7scpv4xcvyrp0czbi8uaqoq2n", "fields": {"session_data": ".eJxVjMEOwiAQRP-FsyFQ2i149O43kKW7WNSAKW2iMf67bdKDXiaZeTPzFh6XefRL5cknEkehlTj8hgGHG-eN0BXzpcih5HlKQW4VudMqz4X4ftq7fwcj1nFdx6ExbWNtx8wEkaDr-6AcOFBGRTK4CgAhgnNgV4OaomlJ6aA0WrudVq41lez5-UjTSxzV5wu9Mj94:1mI5qy:RNJcXgrfAqayhQEVCs-Ur6-uvobP0haMx5cVSOMw_7E", "expire_date": "2021-09-06T09:02:48.763Z"}}, {"model": "sessions.session", "pk": "ecqis4iitnun52yjvo9dm2zhipq1002b", "fields": {"session_data": ".eJxVjMEOwiAQRP-FsyFQ2i149O43kKW7WNSAKW2iMf67bdKDXiaZeTPzFh6XefRL5cknEkehlTj8hgGHG-eN0BXzpcih5HlKQW4VudMqz4X4ftq7fwcj1nFdx6ExbWNtx8wEkaDr-6AcOFBGRTK4CgAhgnNgV4OaomlJ6aA0WrudVq41lez5-UjTSxzV5wu9Mj94:1mI5qy:RNJcXgrfAqayhQEVCs-Ur6-uvobP0haMx5cVSOMw_7E", "expire_date": "2021-09-06T09:02:48.614Z"}}, {"model": "sessions.session", "pk": "enj9ta1egta1o84f3ymmfc0hwfegrkim", "fields": {"session_data": ".eJxVjMEOwiAQRP-FsyFQ2i149O43kKW7WNSAKW2iMf67bdKDXiaZeTPzFh6XefRL5cknEkehlTj8hgGHG-eN0BXzpcih5HlKQW4VudMqz4X4ftq7fwcj1nFdx6ExbWNtx8wEkaDr-6AcOFBGRTK4CgAhgnNgV4OaomlJ6aA0WrudVq41lez5-UjTSxzV5wu9Mj94:1mI5qy:RNJcXgrfAqayhQEVCs-Ur6-uvobP0haMx5cVSOMw_7E", "expire_date": "2021-09-06T09:02:48.931Z"}}, {"model": "sessions.session", "pk": "etam24deonn76o33xhlpp36u4hu4m1ki", "fields": {"session_data": ".eJxVjEEOwiAQRe_C2hCYMgVcuvcMZBhAqoYmpV0Z765NutDtf-_9lwi0rTVsPS9hSuIsQJx-t0j8yG0H6U7tNkue27pMUe6KPGiX1znl5-Vw_w4q9fqtx4RWUbal2IHLiIw-g0ark4-qABmAwXH0xquinWGwmJQDYKTCnkC8P-AvN6k:1mGkbr:eIxj9HWr4rig_UEaUwMDTVzjlfj2nf3haBL04-lNBbw", "expire_date": "2021-09-02T16:09:39.933Z"}}, {"model": "sessions.session", "pk": "lfa69gpd3g3ns5crc3ehzbwjhzh3u4nw", "fields": {"session_data": ".eJxVjEEOwiAURO_CuiEgLYUu3XsG8un_WNSAgdZojHe3TbrQzSQzb2bezMEyT26pVFxENjApWPMbehivlDaCF0jnzMec5hI93yp8p5WfMtLtuHf_Diao07oO40G1B2M6IkIdUHd974XVVgslAipYRWsE0NZqsxqQGFSLQnohwZjttFKtMSdHz3ssLzaIhlV4kIspZDbMZaHPFybGRZw:1mH3FQ:y0E9_KPwDTyCHYbdw5qtxr09YLzqpV6MDuoQk0SqpVg", "expire_date": "2021-09-03T12:03:44.485Z"}}, {"model": "sessions.session", "pk": "m5fi0vgs0moh5rali1vwodutuli5dpj1", "fields": {"session_data": "e30:1mIqVm:1ZQKSfSbXPeG7hszF8bdBPIzJ21_IQ8-PK3bjcM629M", "expire_date": "2021-09-08T10:52:02.980Z"}}, {"model": "sessions.session", "pk": "mhkvdgf36x9myl9elr3lsl1veoxlkzvy", "fields": {"session_data": ".eJxVjMEOwiAQRP-FsyFQ2i149O43kKW7WNSAKW2iMf67bdKDXiaZeTPzFh6XefRL5cknEkehlTj8hgGHG-eN0BXzpcih5HlKQW4VudMqz4X4ftq7fwcj1nFdx6ExbWNtx8wEkaDr-6AcOFBGRTK4CgAhgnNgV4OaomlJ6aA0WrudVq41lez5-UjTSxzV5wu9Mj94:1mI5qy:RNJcXgrfAqayhQEVCs-Ur6-uvobP0haMx5cVSOMw_7E", "expire_date": "2021-09-06T09:02:48.529Z"}}, {"model": "sessions.session", "pk": "mzmghslft92cr4dkut5kqmxww4vnxfze", "fields": {"session_data": ".eJxVjcsOgyAQRf-FdWMARx7u6o-QEYZIarARTNo0_fdq46Jd3te5L-Zwq5PbCq0uBdYzodjl1xzR3ygfCc7zYTfo_bLl2nw7Z1ya664o1-SxpiUP5-oPNWGZdo4cW9IWDIEUFEWwJGRsQUaEToVOGR69ViBQgmk1-LHjaLm1QWlO0sgDWqiU_cbR457WJ-v5-wPBKkLV:1mJeq9:D5bUPiw9-4QqFxB32EbEsJbWFtXk8MxBz-vRt2YJ9p8", "expire_date": "2021-09-10T16:36:25.432Z"}}, {"model": "sessions.session", "pk": "ncv0wd3er3q8m8qyzfzkxwscxlmyd4rc", "fields": {"session_data": ".eJxVjMEOwiAQRP-FsyFQ2i149O43kKW7WNSAKW2iMf67bdKDXiaZeTPzFh6XefRL5cknEkehlTj8hgGHG-eN0BXzpcih5HlKQW4VudMqz4X4ftq7fwcj1nFdx6ExbWNtx8wEkaDr-6AcOFBGRTK4CgAhgnNgV4OaomlJ6aA0WrudVq41lez5-UjTSxzV5wu9Mj94:1mI5qy:RNJcXgrfAqayhQEVCs-Ur6-uvobP0haMx5cVSOMw_7E", "expire_date": "2021-09-06T09:02:48.440Z"}}, {"model": "sessions.session", "pk": "nue404g3ov938okmm4yqderbqes07mi0", "fields": {"session_data": ".eJxVjEEOgyAURO_y14ZAFQSW3fcM5OMHpW2kEU3aGO9eTVy0m0lm3sys4HCZB7eUMLlEYEFwqH5Dj90jjAehO459Zl0e5yl5dlTYSQu7ZQrP69n9OxiwDPs6dpe6uWgtQwikIinZtp4bZRSveaQad1GKEJUxSu8GBcW6IS48F6j1cVpCKSmPLrxfafqA5RV47MGuIFoJVm7bF9P5Q5Q:1mI5tL:U0QiRwiw7znSclZjLpEq7-9Un5fdcSMJN7HPWvDVKTU", "expire_date": "2021-09-06T09:05:15.555Z"}}, {"model": "sessions.session", "pk": "ptpm1sg0b9lg3wfle66qg9b4isn5o6qe", "fields": {"session_data": "e30:1mIqCn:ITHkSHPRi1-9ORfJZRANYI2xSPLlHGH9OJm9RERBkbc", "expire_date": "2021-09-08T10:32:25.618Z"}}, {"model": "sessions.session", "pk": "tdvaojcbz0mayrzmmeayo5c16hopawnj", "fields": {"session_data": ".eJxVjUsKgzAURfeScZGo-VRn7UbCy80LhooWE6GldO_V4sTh_Z37ES5zzmmeHL-eaXmLXl6Eo7UMbs28uBREL2ojTqYnPHjaExrH3a4ImNepVP_OEefqtimeSgKV7eF-rE6ogfKwcQxJVWuoq5JAo2VoA5SswbFpNaIPsPCkVGcMDKyFNdp3XWRmFXUk8f0BY_REqg:1mJeTB:SeW_jMfe5lRvYEF39tQx37opNF28QyuiQt9c1QT1HME", "expire_date": "2021-09-10T16:12:41.324Z"}}, {"model": "sessions.session", "pk": "u0p3gjs6ytwd75x7kgmglfhtxenwy0jw", "fields": {"session_data": ".eJxVjEEOwiAQRe8ya0PotJTSpXvPQIYBLGrAlDbRGO-uTbrp9r_3_gdsDbWmkm14PdP8hlGewNK6THatYbbJwwgIh80R30PegL9RvhbBJS9zcmJTxE6ruBQfHufdPRxMVKd_3XulJQUdo2459oqVCdgo3XjjZETqENuBnemMjM3QMWrl5YDIiiIbQvj-AAkaPuY:1mFduc:XKK3ih0gH11g1AJK1obNZTuW7YCmrtqqkYlqDRCFUHI", "expire_date": "2021-08-30T14:48:26.161Z"}}, {"model": "sessions.session", "pk": "vxx5celfmvrfsuakb5a378kkm33h7ysw", "fields": {"session_data": ".eJxVjMsOwiAQRf-FtSHMQMvo0n2_gTA8pGogKe3K-O_apAvd3nPOfQnnt7W4rafFzVFchBGn3419eKS6g3j39dZkaHVdZpa7Ig_a5dRiel4P9--g-F6-NZM2CMYSWVTgz0A4IsXoeTA5JwuIyWpmmzQoGCmbHMBiHoxSOmsW7w-0NTbb:1mGkLY:Yaai84jSBK-69ziAzpEEMz0x4NsQ604RxFlai6qRbB8", "expire_date": "2021-09-02T15:52:48.770Z"}}, {"model": "sessions.session", "pk": "wjvn202myyypfa5jiryhnyayhgcy5ltz", "fields": {"session_data": ".eJxVjkEOgyAURO_CuiH4BQGX3fcM5PMBtW0gEV0Z796SuGi3895M5mAO9212e42rWwIbGbDbb-aRXjE3EJ6Yp8Kp5G1dPG8Kv2jljxLi-365fwMz1vnbHoLSAqNOSfeUBkXKRuiU7oL1IgFKgN6Qt9KK1BlJoFUQBoAUJrLYXnmc2Hic5wff4Tp1:1mG2xd:Zj8ZDA5isUwLLBJLOuGXzdBKy5s3GMPOY8XAqjnKvR8", "expire_date": "2021-08-31T17:33:13.470Z"}}, {"model": "sessions.session", "pk": "wknthkgjdago35hav8j4cjb0u5ju7w4n", "fields": {"session_data": ".eJxVjkEOgyAURO_C2hD8FRGX3fcM5PMBpW2gEU3aGO_e2rhot_PeTGZlBpd5NEvxk4mO9QxY9ZtZpJtPO3BXTEPmlNM8Rct3hR-08Et2_n4-3L-BEcv4abdOKoFehaBOFFpJUnuopaqdtiIANgCnjqxutAh11xAo6UQHQBIDafy-Kr6UmJPxz0ecXqwXFbM4sH7dtjfEkEGy:1mGeTZ:spAzlYrrxfaCqw1qfwc8T6vv07d_anJfd4DOQL57JTQ", "expire_date": "2021-09-02T09:36:41.101Z"}}, {"model": "sessions.session", "pk": "x19sfldcfvvdtcivyog2t0imkiq80ynk", "fields": {"session_data": ".eJxVjMsOwiAQRf-FtSFAhym4dO83EB4zUjU0Ke3K-O_apAvd3nPOfYkQt7WGrdMSpiLOQhtx-h1TzA9qOyn32G6zzHNblynJXZEH7fI6F3peDvfvoMZev7VByx6LgghImtkBO28HpZnIAhv23ih2OOZRJY-DSUVjIavZZQJA8f4A-SE3yA:1mIEwI:nRpJF7Msm53165ZhY2hSJWtecr5qWzb_tZp3--XoP-A", "expire_date": "2021-09-06T18:44:54.892Z"}}, {"model": "sessions.session", "pk": "zx9smdblzy3mr6gestzwcb1tr2gukz3m", "fields": {"session_data": ".eJxVjMEOwiAQRP-FsyFQ2i149O43kKW7WNSAKW2iMf67bdKDXiaZeTPzFh6XefRL5cknEkehlTj8hgGHG-eN0BXzpcih5HlKQW4VudMqz4X4ftq7fwcj1nFdx6ExbWNtx8wEkaDr-6AcOFBGRTK4CgAhgnNgV4OaomlJ6aA0WrudVq41lez5-UjTSxzV5wu9Mj94:1mI5qy:RNJcXgrfAqayhQEVCs-Ur6-uvobP0haMx5cVSOMw_7E", "expire_date": "2021-09-06T09:02:48.693Z"}}, {"model": "sites.site", "pk": 1, "fields": {"domain": "getgamecodes.example.com", "name": "GetGameCodes"}}, {"model": "account.emailaddress", "pk": 12, "fields": {"user": 16, "email": "thoom12@hotmail.com", "verified": true, "primary": true}}, {"model": "products.category", "pk": 10, "fields": {"name": "PC", "friendly_name": "PC"}}, {"model": "products.category", "pk": 11, "fields": {"name": "PSN", "friendly_name": "PSN"}}, {"model": "products.category", "pk": 12, "fields": {"name": "XBOX", "friendly_name": "XBOX"}}, {"model": "products.category", "pk": 13, "fields": {"name": "NINTENDO", "friendly_name": "NINTENDO"}}, {"model": "products.category", "pk": 14, "fields": {"name": "SALE", "friendly_name": "SALE"}}, {"model": "products.product", "pk": 175, "fields": {"category": 10, "sku": "PC0001", "name": "GRAND THEFT AUTO V 5 (GTA 5): PREMIUM ONLINE EDITION PC", "description": "What's included with Grand Theft Auto V (GTA 5): Premium Online Edition?\r\nGrand Theft Auto V base game\r\nGrand Theft Auto V - Criminal Enterprise Starter Pack\r\nThe Grand Theft Auto V - Criminal Enterprise Starter Pack includes:\r\n\r\nGTA $1,000,000 Bonus Cash\r\nProperties:\r\n\r\nMaze Bank West Executive Office\r\nPaleto Forest Gunrunning Bunker\r\nSenora Desert Counterfeit Cash Factory\r\nGreat Chaparral Biker Clubhouse\r\n1561 San Vitas Street Apartment\r\n1337 Exceptionalists Way 10 Car Garage\r\nVehicles:\r\n\r\nDune FAV\r\nMaibatsu Frogger\r\nEnus Windsor\r\nObey Omnis\r\nCoquette Classic\r\nTurismo R\r\nPegassi Vortex\r\nHuntley S\r\nWestern Zombie Chopper\r\nBanshee\r\nWeapons, Clothing and Tattoos:\r\n\r\nCompact Grenade Launcher\r\nMarksman Rifle\r\nCompact Rifle\r\nStunt Race and Import / Export Outfits, Biker Tattoos\r\nThe top 3 reasons to play Grand Theft Auto V (GTA 5): Premium Online Edition\r\nPlay as Michael De Santa, Franklin Clinton and Trevor Philips in the latest Grand Theft Auto experience.\r\nGrand Theft Auto V: Premium Online Edition includes the full game, Grand Theft Auto Online and all content including The Doomsday Heist, Gunrunning, Smuggler’s Run, Bikers and much more.\r\nExperience the award-winning Grand Theft Auto franchise and its take on modern, gangster culture.\r\nAbout Grand Theft Auto V (GTA 5): Premium Online Edition\r\nSwitch between three characters as you attempt to pull off a series of heists.\r\nExperience Grand Theft Auto V with stunning visuals running up to 4k resolution and 60 frames per second.\r\nThe PC version of Grand Theft Auto V features First Person Mode, giving players a brand new experience of Los Santos from an entirely new perspective.\r\nGrand Theft Auto V for PC also includes the Rockstar Editor, so you can quickly and easily capture, edit and share game footage.\r\nWhat are the system requirements for Grand Theft Auto V (GTA 5): Premium Online Edition?\r\nMINIMUM for Grand Theft Auto V (GTA 5): Premium Online Edition\r\nPROCESSORIntel Core 2 Quad CPU Q6600 @ 2.40GHz (4 CPUs) / AMD Phenom 9850 Quad-Core Processor (4 CPUs) @ 2.5GHz\r\nGRAPHICSNVIDIA 9800 GT 1GB / AMD HD 4870 1GB (DX 10, 10.1, 11)\r\nMEMORY4 GB RAM\r\nDISK SPACE72 GB\r\nSYSTEMWindows 10 64 Bit, Windows 8.1 64 Bit, Windows 8 64 Bit, Windows 7 64 Bit Service Pack 1\r\nSOUND CARD100% DirectX 10 compatible\r\nADDITIONAL NOTESInstallation and online play requires log-in to Rockstar Games Social Club (13+) network; internet connection required for activation, online play, and periodic entitlement verification.\r\nRECOMMENDED for Grand Theft Auto V (GTA 5): Premium Online Edition\r\nPROCESSORIntel Core i5 3470 @ 3.2GHz (4 CPUs) / AMD X8 FX-8350 @ 4GHz (8 CPUs)\r\nGRAPHICSNVIDIA GTX 660 2GB / AMD HD 7870 2GB\r\nMEMORY8 GB RAM\r\nDISK SPACE72 GB\r\nSYSTEMWindows 10 64 Bit, Windows 8.1 64 Bit, Windows 8 64 Bit, Windows 7 64 Bit Service Pack 1\r\nSOUND CARD100% DirectX 10 compatible", "price": "9.99", "rating": "0.00", "image_url": null, "image": "gta5_cover_image_theZAMQ.png"}}, {"model": "products.product", "pk": 176, "fields": {"category": 11, "sku": "PSN0001", "name": "GOD OF WAR PS4", "description": "God of War is the 8th installment of the God of War series and is the sequel to God of War III.\r\n\r\nA new adventure awaits, and this time it is centered on Norse mythology, not unlike the previous God of War games that are loosely based on Greek mythology.\r\nIt has been years since Kratos took vengeance on the Greek gods. He was able to survive the final encounter with his father Zeus, however, he now lives in the land of the Norse gods with his son Atreus.\r\nHis newfound role as a father figure to his son will have him protecting, as well as teaching, his son the ropes of survival.\r\nThis time around, Kratos will not have his double-chained blades but will instead wield a magical battle ax called the Leviathan Axe.\r\nThis new installment is also played single-player only with Atreus helping Kratos from time to time.", "price": "15.29", "rating": "0.00", "image_url": null, "image": "gow_cover_image.png"}}, {"model": "products.product", "pk": 177, "fields": {"category": 12, "sku": "XBOX0001", "name": "MINECRAFT XBOX ONE", "description": "The top 3 reasons to play Minecraft\r\n- Quite simply, Minecraft is a game about placing blocks. What you create, and the adventures you go on are up to you!\r\n- Minecraft is virtually limitless. The game’s Lego-like world is just perfect for creativity, experimentation, and modding.\r\n- Minecraft is continually updated by its developer, and thousands of mods are available from the game's active community!\r\n\r\n\r\nAbout Minecraft\r\nExperience one of the most popular and best-selling games of all time.\r\nMinecraft is virtually limitless. The game’s Lego-like world is just perfect for creativity, experimentation, and modding.\r\nLet your imagination run wild in creative mode, or fend off dangerous mods in survival mode!\r\nExplore a variety of randomly generated biomes.\r\nEnjoy cross-platform play between Windows 10, Xbox One, and other compatible devices.\r\nCustomize your game. The variety and types of mods currently available are nearly limitless", "price": "8.29", "rating": "4.00", "image_url": null, "image": "minecraft_xbox_cover.png"}}, {"model": "products.product", "pk": 178, "fields": {"category": 13, "sku": "NIN0001", "name": "SUPER SMASH BROS. ULTIMATE SWITCH", "description": "The top 3 reasons to play Super Smash Bros. Ultimate Switch\r\n- This is the biggest and most ambitious Super Smash Bros. game ever made. Icons from throughout the Nintendo universe have gathered for the ultimate showdown!\r\n- From Pikachu to Bayonetta, 74 different fighters await your challenge (plus even more with DLC)!\r\n- Every character in SSBU has a devastating Final Smash that’s totally unique. Get in the game and try them out to find your favorite!\r\n\r\nAbout Super Smash Bros. Ultimate Switch\r\nPrepare for Ultimate brawls with an Ultimate lineup of Nintendo gaming icons!\r\nBrand new items hold the key to victory in Super Smash Bros. Ultimate; grab them before your opponent does!\r\nSSBU features over 100 different fighting stages-- including arenas from previous Smash Bros. games that have been powered up!\r\nOver 800 new music tracks are included in Super Smash Bros. Ultimate to keep your battles fresh, fun, and exciting!.", "price": "62.49", "rating": "0.00", "image_url": null, "image": "super-smash-bros_cover_image.png"}}, {"model": "products.product", "pk": 179, "fields": {"category": 10, "sku": "PC0002", "name": "Assassin's Creed: Valhalla", "description": "BUILD YOUR OWN VIKING LEGEND\r\n\r\nBecome Eivor, a mighty Viking raider and lead your clan from the harsh shores of Norway to a new home amid the lush farmlands of ninth-century England. Explore a beautiful, mysterious open world where you'll face brutal enemies, raid fortresses, build your clan's new settlement, and forge alliances to win glory and earn a place in Valhalla.\r\n\r\nEngland in the age of the Vikings is a fractured nation of petty lords and warring kingdoms. Beneath the chaos lies a rich and untamed land waiting for a new conqueror. Will it be you?\r\n\r\n- Features -\r\n\r\nLEAD EPIC RAIDS\r\nLead your people in massive assaults against Saxon armies and fortresses, and expand your influence far beyond your settlement's borders. Command a crew of raiders and launch lightning-fast surprise attacks from your longship to claim your enemies' riches for your clan.\r\n\r\nVISCERAL COMBAT\r\nUnleash the ruthless fighting style of a Viking warrior and dual-wield axes, swords, or even shields against fierce, relentless foes. Choose your tactics and dismember opponents in close-quarters combat, riddle them with arrows, or assassinate them with your hidden blade.\r\n\r\nWRITE YOUR VIKING SAGA\r\nThe advanced RPG mechanics of Assassin's Creed Valhalla give you new ways to grow as a warrior and a leader. Influence the world around you while acquiring new skills and gear to suit your playstyle. Blaze your own path across England by fighting brutal battles and leading fiery raids, or form strategic alliances and triumph by your wits. Every choice you make in combat and conversation is another step on the path to greatness.\r\n\r\nGROW YOUR SETTLEMENT\r\nGrow and customize your own settlement by recruiting new clan members and building upgradable structures. Get better troops by constructing a barracks, improve your weapons at the blacksmith, discover new customization options with a tattoo parlor, and much more.\r\n\r\nSHARE YOUR CUSTOM RAIDER\r\nCreate and customize your own mercenary Vikings to share online, and reap the spoils when they fight alongside your friends in their own sagas. Recruit mercenaries created by other players, and add their strength to your forces.\r\n\r\nA DARK AGE OPEN WORLD\r\nSail across the icy North Sea to discover and conquer the broken kingdoms of England. Immerse yourself in activities like hunting, fishing, dice, and drinking games, or engage in traditional Norse competitions like flyting or, as it's better known, verbally devastating rivals through the art of the Viking rap battle.\r\n\r\nESRB Rating: M - Mature 17+\r\n\r\nDeveloper(s): Ubisoft Montreal\r\nPublishers(s): Ubisoft\r\n\r\nReleaseDate: 10-11-2020\r\n\r\nGenre(s): Action | Adventure | Role-Playing", "price": "32.90", "rating": null, "image_url": null, "image": "assassins_creed_valhalla.png"}}, {"model": "products.product", "pk": 180, "fields": {"category": 13, "sku": "NIN0002", "name": "The Legend of Zelda: Breath of the Wild", "description": "The Legend of Zelda: Breath of the Wild is an action-adventure video game developed and published by Nintendo for the Nintendo Switch and Wii U video game consoles. The game is a part of The Legend of Zelda series, and follows amnesiac protagonist Link, who awakens from a hundred-year slumber to a mysterious voice that guides him to defeat Calamity Ganon before he can destroy the kingdom of Hyrule.\r\n\r\nThe title's gameplay and mechanics constitute a departure from the series' usual conventions, featuring an open-world environment, a detailed physics engine, high-definition visuals, and voice acting. Announced in 2013, the game was initially planned for release as a Wii U exclusive in 2015, but was delayed twice prior to its release on March 3, 2017. Breath of the Wild was a launch title for the Switch, as well as the final Nintendo-produced game for the Wii U.\r\n\r\nBreath of the Wild received universal acclaim from critics, who deemed it to be one of the greatest video games of all time. Critics praised the game's open-ended, physics-driven gameplay that encourages player experimentation and exploration, with many calling it a landmark title in open-world game design, although minor criticism was directed at the game's technical performance at launch.\r\n\r\nAlso Available\r\nSpecial Edition\r\nThis bundle includes the game, a Nintendo Switch Sheikah Slate Carrying Case, a Sheikah Eye Collectible Coin, the Relic of Hyrule: Calamity Ganon Tapestry and Weather-Worn Map, and The Legend of Zelda: Breath of the Wild Sound Selection CD.\r\n\r\nMaster Edition\r\nThis bundle includes the game, a Nintendo Switch Sheikah Slate Carrying Case, a Sheikah Eye Collectible Coin, the Relic of Hyrule: Calamity Ganon Tapestry and Weather-Worn Map, a Sound Selection CD, and the Master Sword of Resurrection statue.\r\n\r\nESRB Rating: E10+ - Everyone 10+\r\n\r\nDeveloper(s): Monolith Soft | Nintendo\r\nPublishers(s): Nintendo\r\n\r\nReleaseDate: 03-03-2017\r\n\r\nGenre(s): Action | Adventure | Role-Playing", "price": "61.35", "rating": null, "image_url": null, "image": "breath_of_the_wild.png"}}, {"model": "products.product", "pk": 181, "fields": {"category": 11, "sku": "PSN0002", "name": "Horizon Zero Dawn: Complete Edition", "description": "Take on the role of skilled hunter Aloy as you explore a lush world inhabited by mysterious mechanized creatures in an exhilarating new Open World Action/ RPG exclusively for the PlayStation®4 System.\r\n\r\nA Lush Post-Apocalyptic World\r\nHow have machines dominated this world, and what is their purpose? What happened to the civilization here before? Scour every corner of a realm filled with ancient relics and mysterious\r\nbuildings in order to uncover your past and unearth the many secrets of a forgotten land.\r\n\r\nDefy Overwhelming Odds —\r\nThe foundation of combat in Horizon Zero Dawn is built upon the speed and cunning of Aloy versus the raw strength and size of the machines. In order to overcome a much larger and technologically superior enemy, Aloy must use every ounce of her knowledge, intelligence, and agility to survive each encounter.\r\n\r\nHorizon Zero Dawn: Complete Edition includes:\r\n• Full Game\r\n• The Frozen Wilds Expansion\r\n• Digital art book\r\n• PS4 Dynamic Theme\r\n• Bonus Weapons, Outfits, and Resources\r\n\r\nESRB Rating: T - Teen\r\n\r\nDeveloper(s): Guerrilla Games\r\nPublishers(s): Sony Computer Entertainment\r\n\r\nReleaseDate: 05-12-2017\r\n\r\nGenre(s): Action | Adventure | Role-Playing", "price": "18.87", "rating": null, "image_url": null, "image": "Horizon_Zero_Dawn.png"}}, {"model": "products.product", "pk": 182, "fields": {"category": 12, "sku": "XBOX0002", "name": "Cities: Skylines - Xbox One Edition", "description": "Cities: Skylines – Xbox One Edition puts you in charge of a growing city – from the ground-breaking of its first streets to the ever-changing needs of thousands of citizens. Design, build, and manage the city of your dreams, from public services to civic policies, and challenge yourself to grow from a simple town to a bustling metropolitan hub.\r\n\r\nCities: Skylines is an award-winning, best-selling management game, now available for the Xbox One with all of its robust city-simulation gameplay and unique charm along for the ride. The Xbox One Edition includes the base game and the popular After Dark expansion, allowing players to plan and design for their cities’ nightlife and tourist attractions.\r\n\r\nMain Features:\r\nBuild the city of your dreams: Plan road networks, bus lines and parks. Bring on a smog-filled industrial revolution or create a quiet beach town ideal for tourists powered by renewable energy. Bring education, healthcare and safety to your citizens. Build it your way!\r\n\r\nMulti-tiered and challenging simulation: Playing as the mayor of your city, you’ll be faced with balancing essential requirements such as education, water electricity, police, firefighting, healthcare and much more, along with your city’s economy. Citizens within your city react fluidly, keeping you on your toes with ever-evolving demands.\r\n\r\nExtensive local traffic simulation: Managing traffic and the needs of your citizens to work and play will require the use of several interactive transport systems – use careful road planning alongside buses, trains, subways, and much more.\r\n\r\nDistricts and policies: Be more than just another city hall official! Create a car-free downtown area, assign free public transport to your waterfront, or ban pets in suburbia. Designate parts of your city as a district in order to set policy at the local level, and give different parts of town their own personalities.\r\n\r\nAfter Dark included: Watch your city become an entirely different place at night: a day-night cycle will have your citizens seeking out places to unwind after work. Add in new policies and zones to create popular hotspots and provide enough taxis and trains to get to and from the clubs!\r\n\r\nESRB Rating: E - Everyone\r\n\r\nDeveloper(s): Tantalus Media\r\nPublishers(s): Paradox Interactive AB\r\n\r\nReleaseDate: 21-04-2017\r\n\r\nGenre(s): Construction and Management Simulation | Strategy", "price": "12.42", "rating": null, "image_url": null, "image": "cities_skylines.png"}}, {"model": "products.product", "pk": 183, "fields": {"category": 11, "sku": "PSN0003", "name": "F1 2021 (PS5)", "description": "This product entitles you to download both the digital PS4™ version and the digital PS5™ version of this game.\r\n\r\nEvery story has a beginning in F1® 2021, the official videogame of the 2021 FIA FORMULA ONE WORLD CHAMPIONSHIP™. Enjoy the stunning new features of F1® 2021, including the thrilling story experience ‘Braking Point’, two-player Career, and get even closer to the grid with ‘Real-Season Start’. Take your team to the top in the acclaimed ten-year ‘My Team’ Career mode, or race head-to-head in split-screen and multiplayer. Immerse yourself in the greatest racing spectacle on the planet and race with the authentic lineup of twenty heroic drivers and ten iconic teams from the 2021 season:\r\n\r\n- ‘Braking Point’ – the thrilling new story experience\r\n- New ways to play: two-player Career and ‘Real-Season Start’\r\n- Acclaimed ‘My Team’, split-screen and multiplayer\r\n\r\nBraking Point Content Pack\r\n• Celebrate the release of F1® 2021 with exclusive in-game items inspired by the fictional stars of the new ‘Braking Point’ story experience. Equip them to race as Devon Butler, Aiden Jackson, and Casper Akkerman:\r\n• Character avatar | Car livery | Suit | Gloves | Helmet | Victory radio voices\r\n\r\n• 5,000 PitCoin virtual currency to spend in-game\r\n\r\n* Online connection required to download the final F1® teams’ 2021 cars, full-season circuit selection, content (as applicable) and F2™ 2021 season update.\r\n\r\nESRB Rating: E - Everyone\r\n\r\nDeveloper(s): Codemasters\r\nPublishers(s): Electronic Arts\r\n\r\nReleaseDate: 15-07-2021\r\n\r\nGenre(s): Vehicle Simulation", "price": "62.53", "rating": null, "image_url": null, "image": "f1_2021.png"}}, {"model": "products.product", "pk": 184, "fields": {"category": 12, "sku": "XBOX0003", "name": "Forza Motorsport 7", "description": "A racing video game featuring over 700 cars—including new Forza Edition cars, most of which have been brought over from Forza Horizon 3—and more than 200 different configurations to race on across 32 locations at launch, including all from Forza Motorsport 6. A fictional street circuit in Dubai is one of the new circuits and several tracks returning from Forza Motorsport 4 including:\r\n\r\nMaple Valley Raceway \r\nMugello Circuit \r\nSuzuka Circuit. \r\n\r\nTwo features that are new to the Motorsport title include dynamic weather (previously seen in Horizon titles) and customizable drivers.\r\n\r\nESRB Rating: E - Everyone\r\n\r\nDeveloper(s): Turn 10 Studios\r\nPublishers(s): Microsoft Studios\r\n\r\nReleaseDate: 29-09-2017\r\n\r\nGenre(s): Racing", "price": "30.20", "rating": null, "image_url": null, "image": "forza_motorsport.png"}}, {"model": "products.product", "pk": 185, "fields": {"category": 10, "sku": "PC0003", "name": "Dark Souls III", "description": "Prepare to die, again with the third entry in the brutal blockbuster action-RPG franchise. A dark and brooding fantasy adventure awaits players in a vast twisted world full of fearsome beasts, devious traps and hidden secrets. The embers of a once-proud kingdom set the stage for this new adventure. Battle against fearsome enemies and bosses with a variety of weapons and magic through a mysterious land riddled with secrets.\r\n\r\nDark Souls III once again gives gamers the trademark sword and sorcery combat and rewarding action RPG gameplay. Players will travel across a wide variety of locations in an interconnected world of unrelenting challenge and deep RPG gameplay as they search for a way to survive the coming apocalypse.\r\n\r\nESRB Rating: M - Mature 17+\r\n\r\nDeveloper(s): FromSoftware, Inc.\r\nPublishers(s): Bandai Namco Entertainment\r\n\r\nReleaseDate: 12-04-2016\r\n\r\nGenre(s): Action", "price": "10.61", "rating": null, "image_url": null, "image": "dark_souls_III.png"}}, {"model": "products.product", "pk": 186, "fields": {"category": 13, "sku": "NIN0003", "name": "Professional Farmer: Nintendo Switch Edition", "description": "Get ready for the rural lifestyle! Professional Farmer is set on your own farm! Enjoy the life of a farmer with all its amazing tasks and challenges! Drive your original vehicles, cultivate your fields, take care of your animals and market your produce! Different seasons and weather conditions guarantee realistic game fun.\r\n\r\nLearn from your experiences as a farmer, use your knowledge to enjoy the satisfaction a farmer feels when sitting in front of the fireplace in a beautiful farmhouse after a hard day’s work. Your efforts will be rewarded – the better your fields are tilled, the more animals you breed, the more products you produce, the better the income available for new machines, larger fields and tractors. Get ready for the ultimate farming fun!\r\n\r\nFeatures\r\n\r\n• Huge, open game world\r\n\r\n• Original tractors and machines\r\n\r\n• Career mode and detailed tutorial\r\n\r\n• Different types of grain\r\n\r\n• Dynamic Ground and visual field stages\r\n\r\nESRB Rating: E - Everyone\r\n\r\nPublishers(s): United Independent Entertainment GmbH\r\n\r\nReleaseDate: 29-10-2018\r\n\r\nGenre(s): Life Simulation", "price": "5.18", "rating": null, "image_url": null, "image": "professional_farmer.png"}}, {"model": "checkout.order", "pk": 18, "fields": {"order_number": "35688B82E25342D0B675DE0E95E5593C", "user_profile": null, "full_name": "thomas smit", "email": "thoom12@hotmail.com", "phone_number": "+31618961813", "country": "NL", "postcode": "2215LV", "town_or_city": "Voorhout", "street_address1": "Mozartlaan 120", "street_address2": null, "county": null, "date": "2021-08-23T19:49:59.991Z", "delivery_cost": "1.53", "order_total": "15.29", "grand_total": "16.82", "original_bag": "{\"176\": 1}", "stripe_pid": "pi_3JRj9GIfyIVuCjSh2IynmxiT"}}, {"model": "checkout.order", "pk": 19, "fields": {"order_number": "EF17012727CC4DE88AA6440DD179687B", "user_profile": null, "full_name": "thomas smit", "email": "thoom12@hotmail.com", "phone_number": "+31618961813", "country": "NL", "postcode": "2215LV", "town_or_city": "Voorhout", "street_address1": "Mozartlaan 120", "street_address2": null, "county": null, "date": "2021-08-23T20:37:21.937Z", "delivery_cost": "0.83", "order_total": "8.29", "grand_total": "9.12", "original_bag": "{\"177\": 1}", "stripe_pid": "pi_3JRh4IIfyIVuCjSh2KXzs5DG"}}, {"model": "checkout.order", "pk": 20, "fields": {"order_number": "51A52F46818844828FF89BFFF0772C75", "user_profile": null, "full_name": "thomas smit", "email": "thoom12@hotmail.com", "phone_number": "+31618961813", "country": "NL", "postcode": "2215LV", "town_or_city": "Voorhout", "street_address1": "Mozartlaan 120", "street_address2": null, "county": null, "date": "2021-08-23T21:05:56.419Z", "delivery_cost": "3.06", "order_total": "30.58", "grand_total": "33.64", "original_bag": "{\"176\": 2}", "stripe_pid": "pi_3JRkKnIfyIVuCjSh0AG7kRtx"}}, {"model": "checkout.order", "pk": 21, "fields": {"order_number": "EE6AD5BE28554B0590286D670BE0ABCF", "user_profile": null, "full_name": "Thomas Smit", "email": "thoom12@hotmail.com", "phone_number": "+31618961813", "country": "NL", "postcode": "2215LV", "town_or_city": "Voorhout", "street_address1": "Mozartlaan 120", "street_address2": null, "county": null, "date": "2021-08-24T13:17:29.597Z", "delivery_cost": "1.53", "order_total": "15.29", "grand_total": "16.82", "original_bag": "{\"176\": 1}", "stripe_pid": "pi_3JRzUwIfyIVuCjSh0FY7WBbM"}}, {"model": "checkout.order", "pk": 22, "fields": {"order_number": "7D6E480F0F734005A223C5F193EAC92F", "user_profile": null, "full_name": "Thomas Smit", "email": "thoom12@hotmail.com", "phone_number": "0612345678", "country": "NL", "postcode": "1234TT", "town_or_city": "testvillage", "street_address1": "test", "street_address2": "test", "county": null, "date": "2021-08-24T13:20:50.325Z", "delivery_cost": "1.00", "order_total": "9.99", "grand_total": "10.99", "original_bag": "{\"175\": 1}", "stripe_pid": "pi_3JRzXxIfyIVuCjSh0K2BXoIb"}}, {"model": "checkout.order", "pk": 23, "fields": {"order_number": "00B6A942801E4546AD78B5DCE1319217", "user_profile": null, "full_name": "Thomas Smit", "email": "thoom12@hotmail.com", "phone_number": "0612345678", "country": "NL", "postcode": "1234TT", "town_or_city": "testvillage", "street_address1": "test", "street_address2": "test", "county": null, "date": "2021-08-24T13:21:54.847Z", "delivery_cost": "1.00", "order_total": "9.99", "grand_total": "10.99", "original_bag": "{\"175\": 1}", "stripe_pid": "pi_3JRzZBIfyIVuCjSh1LHA56AG"}}, {"model": "checkout.order", "pk": 24, "fields": {"order_number": "0A366DEBFD6843A486351E76C3628EEC", "user_profile": null, "full_name": "Thomas Smit", "email": "thoom12@hotmail.com", "phone_number": "0612345678", "country": "NL", "postcode": "1234TT", "town_or_city": "testvillage", "street_address1": "test", "street_address2": "test", "county": null, "date": "2021-08-24T13:27:05.797Z", "delivery_cost": "1.00", "order_total": "9.99", "grand_total": "10.99", "original_bag": "{\"175\": 1}", "stripe_pid": "pi_3JRzeLIfyIVuCjSh0HiKGy86"}}, {"model": "checkout.order", "pk": 25, "fields": {"order_number": "CF0A6828CBE843D2B0A5A18230F2DBB2", "user_profile": null, "full_name": "Thomas Smit", "email": "thoom12@hotmail.com", "phone_number": "0612345678", "country": "NL", "postcode": "1234TT", "town_or_city": "testvillage", "street_address1": "test", "street_address2": "test", "county": null, "date": "2021-08-24T13:32:07.002Z", "delivery_cost": "0.00", "order_total": "62.49", "grand_total": "62.49", "original_bag": "{\"178\": 1}", "stripe_pid": "pi_3JRzjCIfyIVuCjSh0w1u7Iv3"}}, {"model": "checkout.order", "pk": 26, "fields": {"order_number": "0ED98C546620456CAA0599F495CAA8F4", "user_profile": null, "full_name": "test", "email": "test@test.com", "phone_number": "test", "country": "DM", "postcode": "tets", "town_or_city": "ste", "street_address1": "test", "street_address2": "test", "county": "tes", "date": "2021-08-27T15:39:21.041Z", "delivery_cost": "0.00", "order_total": "62.49", "grand_total": "62.49", "original_bag": "{\"178\": 1}", "stripe_pid": "pi_3JT78iIfyIVuCjSh1bsSUXD7"}}, {"model": "checkout.orderlineitem", "pk": 10, "fields": {"order": 18, "product": 176, "quantity": 1, "lineitem_total": "15.29"}}, {"model": "checkout.orderlineitem", "pk": 11, "fields": {"order": 19, "product": 177, "quantity": 1, "lineitem_total": "8.29"}}, {"model": "checkout.orderlineitem", "pk": 12, "fields": {"order": 20, "product": 176, "quantity": 2, "lineitem_total": "30.58"}}, {"model": "checkout.orderlineitem", "pk": 13, "fields": {"order": 21, "product": 176, "quantity": 1, "lineitem_total": "15.29"}}, {"model": "checkout.orderlineitem", "pk": 14, "fields": {"order": 22, "product": 175, "quantity": 1, "lineitem_total": "9.99"}}, {"model": "checkout.orderlineitem", "pk": 15, "fields": {"order": 23, "product": 175, "quantity": 1, "lineitem_total": "9.99"}}, {"model": "checkout.orderlineitem", "pk": 16, "fields": {"order": 24, "product": 175, "quantity": 1, "lineitem_total": "9.99"}}, {"model": "checkout.orderlineitem", "pk": 17, "fields": {"order": 25, "product": 178, "quantity": 1, "lineitem_total": "62.49"}}, {"model": "checkout.orderlineitem", "pk": 18, "fields": {"order": 26, "product": 178, "quantity": 1, "lineitem_total": "62.49"}}, {"model": "profiles.userprofile", "pk": 42, "fields": {"user": 16, "default_phone_number": null, "default_street_address1": null, "default_street_address2": null, "default_town_or_city": null, "default_county": null, "default_postcode": null, "default_country": null}}, {"model": "wishlist.wishlist", "pk": 7, "fields": {"user": 42}}]